{
    "model_path": ".\\models\\unet_Tiles_64x64_best_e30_b8_acc05962_20250604_214308.pth",
    "data_dir": ".\\TILES\\Tiles_64x64\\",
    "num_tiles": 554,
    "class_distribution": {
        "0.0": 214,
        "1.0": 340
    },
    "metrics": {
        "roc_auc": 0.6357339197361187,
        "pr_auc": 0.7267046712511556,
        "optimal_threshold": 0.6707763075828552,
        "standard_accuracy": 0.6137184115523465,
        "optimal_accuracy": 0.6119133574007221,
        "matrix_accuracy": 0.6003861003861004
    },
    "weight_stats": {
        "enc1.0.weight": {
            "mean": 0.00019679607066791505,
            "std": 0.05863795429468155,
            "min": -0.19471856951713562,
            "max": 0.17025691270828247,
            "near_zero": 0.0
        },
        "enc1.0.bias": {
            "mean": 0.0002872385084629059,
            "std": 0.003761489875614643,
            "min": -0.009951245971024036,
            "max": 0.01169891282916069,
            "near_zero": 0.0
        },
        "enc1.1.weight": {
            "mean": 0.9886711835861206,
            "std": 0.008153321221470833,
            "min": 0.966205358505249,
            "max": 1.0077213048934937,
            "near_zero": 0.0
        },
        "enc1.1.bias": {
            "mean": -0.0014330755220726132,
            "std": 0.0060259196907281876,
            "min": -0.016378838568925858,
            "max": 0.010531958192586899,
            "near_zero": 0.0
        },
        "enc1.3.weight": {
            "mean": 0.00038096815114840865,
            "std": 0.057746149599552155,
            "min": -0.2226351648569107,
            "max": 0.23553894460201263,
            "near_zero": 0.0
        },
        "enc1.3.bias": {
            "mean": 6.517685687867925e-05,
            "std": 0.0008392034214921296,
            "min": -0.0023206507321447134,
            "max": 0.0023299583699554205,
            "near_zero": 0.0
        },
        "enc1.4.weight": {
            "mean": 0.9913290739059448,
            "std": 0.010486253537237644,
            "min": 0.9611732959747314,
            "max": 1.0110387802124023,
            "near_zero": 0.0
        },
        "enc1.4.bias": {
            "mean": -0.0008988927002064884,
            "std": 0.0065660011023283005,
            "min": -0.015773674473166466,
            "max": 0.017829256132245064,
            "near_zero": 0.0
        },
        "enc2.0.weight": {
            "mean": 0.0002582073793746531,
            "std": 0.03816696256399155,
            "min": -0.17931099236011505,
            "max": 0.1625984013080597,
            "near_zero": 0.0027126736313221045
        },
        "enc2.0.bias": {
            "mean": -8.861736205290072e-06,
            "std": 6.876165571156889e-05,
            "min": -0.00025410554371774197,
            "max": 0.0002695566799957305,
            "near_zero": 3.90625
        },
        "enc2.1.weight": {
            "mean": 0.9367163181304932,
            "std": 0.027325524017214775,
            "min": 0.8767414093017578,
            "max": 1.0044630765914917,
            "near_zero": 0.0
        },
        "enc2.1.bias": {
            "mean": -0.004267197102308273,
            "std": 0.007787921000272036,
            "min": -0.0230718944221735,
            "max": 0.013907918706536293,
            "near_zero": 0.0
        },
        "enc2.3.weight": {
            "mean": 0.0007768937502987683,
            "std": 0.035645145922899246,
            "min": -0.1710003763437271,
            "max": 0.1644141674041748,
            "near_zero": 0.0027126736313221045
        },
        "enc2.3.bias": {
            "mean": -3.0973085358709795e-06,
            "std": 3.0196342777344398e-05,
            "min": -9.98264440568164e-05,
            "max": 9.998845052905381e-05,
            "near_zero": 6.25
        },
        "enc2.4.weight": {
            "mean": 0.9334704279899597,
            "std": 0.023475589230656624,
            "min": 0.8823711276054382,
            "max": 0.9857029318809509,
            "near_zero": 0.0
        },
        "enc2.4.bias": {
            "mean": -0.003766529029235244,
            "std": 0.0064898040145635605,
            "min": -0.019656704738736153,
            "max": 0.011967347003519535,
            "near_zero": 0.0
        },
        "enc3.0.weight": {
            "mean": 0.00014278467278927565,
            "std": 0.020201362669467926,
            "min": -0.12605701386928558,
            "max": 0.10837014019489288,
            "near_zero": 0.005086262899567373
        },
        "enc3.0.bias": {
            "mean": 2.9407362944766646e-07,
            "std": 2.6819495815288974e-06,
            "min": -9.521254469291307e-06,
            "max": 1.7441740055801347e-05,
            "near_zero": 67.96875
        },
        "enc3.1.weight": {
            "mean": 0.8834389448165894,
            "std": 0.013545127585530281,
            "min": 0.8653993606567383,
            "max": 0.9370853304862976,
            "near_zero": 0.0
        },
        "enc3.1.bias": {
            "mean": -0.005575127433985472,
            "std": 0.005855936091393232,
            "min": -0.018916640430688858,
            "max": 0.016996916383504868,
            "near_zero": 0.0
        },
        "enc3.3.weight": {
            "mean": 0.00030241033528000116,
            "std": 0.015630125999450684,
            "min": -0.10728272050619125,
            "max": 0.09984514117240906,
            "near_zero": 0.007798936712788418
        },
        "enc3.3.bias": {
            "mean": 7.409411750813888e-08,
            "std": 1.0835892680916004e-06,
            "min": -7.204999747045804e-06,
            "max": 4.9644299906503875e-06,
            "near_zero": 82.8125
        },
        "enc3.4.weight": {
            "mean": 0.8810735940933228,
            "std": 0.012869788333773613,
            "min": 0.8662943840026855,
            "max": 0.9269416332244873,
            "near_zero": 0.0
        },
        "enc3.4.bias": {
            "mean": -0.006418079603463411,
            "std": 0.0053697447292506695,
            "min": -0.0202347245067358,
            "max": 0.01196669228374958,
            "near_zero": 0.0
        },
        "enc4.0.weight": {
            "mean": 0.0002071717899525538,
            "std": 0.005437170621007681,
            "min": -0.056588876992464066,
            "max": 0.05423874780535698,
            "near_zero": 0.04001193447038531
        },
        "enc4.0.bias": {
            "mean": -1.4182887086988671e-09,
            "std": 4.0056058026038954e-08,
            "min": -1.3222481243246875e-07,
            "max": 1.4773688405966823e-07,
            "near_zero": 100.0
        },
        "enc4.1.weight": {
            "mean": 0.8677464723587036,
            "std": 0.0015103971818462014,
            "min": 0.8656074404716492,
            "max": 0.879834771156311,
            "near_zero": 0.0
        },
        "enc4.1.bias": {
            "mean": 0.0006187678081914783,
            "std": 0.002358169062063098,
            "min": -0.004891953896731138,
            "max": 0.009409110993146896,
            "near_zero": 0.0
        },
        "enc4.3.weight": {
            "mean": -7.764346082694829e-05,
            "std": 0.0029829887207597494,
            "min": -0.035883400589227676,
            "max": 0.04295475035905838,
            "near_zero": 0.077056884765625
        },
        "enc4.3.bias": {
            "mean": 1.4429735184506853e-09,
            "std": 2.9458808725735253e-08,
            "min": -1.8959833880671795e-07,
            "max": 1.271476577358044e-07,
            "near_zero": 100.0
        },
        "enc4.4.weight": {
            "mean": 0.8669511079788208,
            "std": 0.0008588831988163292,
            "min": 0.8651049137115479,
            "max": 0.8705014586448669,
            "near_zero": 0.0
        },
        "enc4.4.bias": {
            "mean": 0.00031125161331146955,
            "std": 0.0021893130615353584,
            "min": -0.007644501980394125,