{
    "train_loss": [
        0.6957479875821334,
        0.6670271754264832,
        0.6609495786520151,
        0.6979853556706355,
        0.6799704226163718,
        0.6762124093679281,
        0.6662787267794976,
        0.6781715521445641,
        0.6806498513771937,
        0.6741488186212686,
        0.6873506834873786,
        0.6672260692486396,
        0.6938566886461698,
        0.6812643248301286,
        0.6574271390071282,
        0.6785912880530725,
        0.676788506599573,
        0.6791821328493265,
        0.6794059116106766,
        0.6820354461669922,
        0.6470982134342194,
        0.6465028386849624,
        0.6445818818532504,
        0.6562258073916802,
        0.6407763018057897,
        0.638251719566492,
        0.6533230520211734,
        0.6586194405188928,
        0.6452957483438345
    ],
    "train_acc": [
        0.5559752743977767,
        0.5896291205516229,
        0.608859889782392,
        0.5700549460374392,
        0.5831043949493995,
        0.5552884615384616,
        0.6067994512044467,
        0.5964972537297469,
        0.6449175820900843,
        0.6150412089549578,
        0.5697115384615384,
        0.5800137359362382,
        0.6061126383451315,
        0.5968406590131613,
        0.6328983513208536,
        0.5628434075759008,
        0.5992445051670074,
        0.5896291205516229,
        0.5985576923076923,
        0.5724587921912854,
        0.6287774718724765,
        0.6105769230769231,
        0.6377060436285459,
        0.6105769230769231,
        0.6181318691143622,
        0.6404532973582928,
        0.609890110217608,
        0.6140109896659851,
        0.6620879127429082
    ],
    "val_loss": [
        0.7116303869656154,
        0.6913959213665554,
        0.7110412503991809,
        2.993371077946254,
        0.6665636471339634,
        0.67772889988763,
        0.6505737049239022,
        0.6708625895636422,
        0.7005890778132847,
        0.6485888191631862,
        0.7030851670673915,
        0.6397479517119271,
        0.725905750479017,
        0.9748500032084328,
        0.6924174427986145,
        0.6714384470667157,
        0.652144444840295,
        0.64898852791105,
        0.6471211058752877,
        0.6649195381573269,
        0.6477161134992327,
        0.6324454716273716,
        0.6341204132352557,
        0.6288688864026751,
        0.6443459476743426,
        0.6206284505980355,
        0.6346511840820312,
        0.6321281620434352,
        0.6403470805713108
    ],
    "val_acc": [
        0.40384615384615385,
        0.4807692307692308,
        0.5961538461538461,
        0.6153846153846154,
        0.5480769230769231,
        0.5769230769230769,
        0.5576923076923077,
        0.5865384615384616,
        0.46153846153846156,
        0.5961538461538461,
        0.46153846153846156,
        0.6057692307692307,
        0.40384615384615385,
        0.6346153846153846,
        0.5,
        0.5480769230769231,
        0.5961538461538461,
        0.5576923076923077,
        0.5384615384615384,
        0.5769230769230769,
        0.5384615384615384,
        0.6057692307692307,
        0.5576923076923077,
        0.625,
        0.5384615384615384,
        0.6057692307692307,
        0.625,
        0.5576923076923077,
        0.5865384615384616
    ],
    "val_acc_per_class": [
        {
            "0": 1.0,
            "1": 0.0
        },
        {
            "0": 0.9047619047619048,
            "1": 0.1935483870967742
        },
        {
            "0": 0.0,
            "1": 1.0
        },
        {
            "0": 0.23809523809523808,
            "1": 0.8709677419354839
        },
        {
            "0": 0.8333333333333334,
            "1": 0.3548387096774194
        },
        {
            "0": 0.8333333333333334,
            "1": 0.4032258064516129
        },
        {
            "0": 0.7380952380952381,
            "1": 0.43548387096774194
        },
        {
            "0": 0.8333333333333334,
            "1": 0.41935483870967744
        },
        {
            "0": 0.9523809523809523,
            "1": 0.12903225806451613
        },
        {
            "0": 0.40476190476190477,
            "1": 0.7258064516129032
        },
        {
            "0": 0.9523809523809523,
            "1": 0.12903225806451613
        },
        {
            "0": 0.47619047619047616,
            "1": 0.6935483870967742
        },
        {
            "0": 1.0,
            "1": 0.0
        },
        {
            "0": 0.2619047619047619,
            "1": 0.8870967741935484
        },
        {
            "0": 0.9523809523809523,
            "1": 0.1935483870967742
        },
        {
            "0": 0.8571428571428571,
            "1": 0.3387096774193548
        },
        {
            "0": 0.4523809523809524,
            "1": 0.6935483870967742
        },
        {
            "0": 0.6904761904761905,
            "1": 0.46774193548387094
        },
        {
            "0": 0.5714285714285714,
            "1": 0.5161290322580645
        },
        {
            "0": 0.8333333333333334,
            "1": 0.4032258064516129
        },
        {
            "0": 0.6190476190476191,
            "1": 0.4838709677419355
        },
        {
            "0": 0.5714285714285714,
            "1": 0.6290322580645161
        },
        {
            "0": 0.5476190476190477,
            "1": 0.5645161290322581
        },
        {
            "0": 0.5476190476190477,
            "1": 0.6774193548387096
        },
        {
            "0": 0.6190476190476191,
            "1": 0.4838709677419355
        },
        {
            "0": 0.47619047619047616,
            "1": 0.6935483870967742
        },
        {
            "0": 0.5714285714285714,
            "1": 0.6612903225806451
        },
        {
            "0": 0.5476190476190477,
            "1": 0.5645161290322581
        },
        {
            "0": 0.6428571428571429,
            "1": 0.5483870967741935
        }
    ],
    "learning_rate": [
        0.001,
        0.0009991120277927223,
        0.000996451615591515,
        0.0009920292628279098,
        0.0009858624225078836,
        0.0009779754323328187,
        0.0009683994186497127,
        0.0009571721736097084,
        0.0009443380060197381,
        0.0009299475664759063,
        0.0009140576474687258,
        0.0008967309592491046,
        0.0008780358823396346,
        0.0008580461976679094,
        0.0008368407953869098,
        0.0008145033635316125,
        0.000791122057740548,
        0.0007667891533457714,
        0.0007416006812042822,
        0.0007156560487081047,
        0.0006890576474687259,
        0.0006619104492241841,
        0.0006343215915635758,
        0.0006063999551039367,
        0.0005782557337881908,
        0.0005499999999999997,
        0.0005217442662118088,
        0.000493600044896063,
        0.0004656784084364238
    ]
}