{
    "train_loss": [
        0.6888067217973562,
        0.7053622420017536,
        0.6834655518715198,
        0.7052167103840754,
        0.6665021318655747,
        0.695072937470216,
        0.6757074892520905,
        0.708507952781824,
        0.6740222091858203,
        0.6591611344080704,
        0.6633502909770379,
        0.7194996017676133,
        0.6610069756324475,
        0.6788999529985281,
        0.6353549728026757,
        0.6595142231537745,
        0.690514128941756,
        0.703501398746784,
        0.6710085387413318,
        0.6733611065607804,
        0.6717844043786709,
        0.6536577389790461,
        0.7002146450372843,
        0.6886481734422537
    ],
    "train_acc": [
        0.5673076923076923,
        0.5765796704934194,
        0.549107143512139,
        0.5456730769230769,
        0.5964972537297469,
        0.540521978185727,
        0.5824175820900843,
        0.608859889782392,
        0.6157280229605161,
        0.6418269230769231,
        0.6373626383451315,
        0.5700549460374392,
        0.5748626383451315,
        0.6184752743977767,
        0.6404532973582928,
        0.628434066589062,
        0.6095467026417072,
        0.5041208794483771,
        0.5679945051670074,
        0.6043956050506005,
        0.6493818691143622,
        0.6181318691143622,
        0.5824175820900843,
        0.5559752743977767
    ],
    "val_loss": [
        0.7845046520233154,
        0.7224260228020805,
        0.6494416509355817,
        0.6379157219614301,
        0.7378863947732108,
        0.6396269883428302,
        0.6779991260596684,
        0.6993482623781476,
        0.7036436498165131,
        0.6615972093173436,
        0.8567524892943246,
        0.7727128650460925,
        0.6461839037282127,
        0.653433084487915,
        0.6715980853353228,
        0.7071360264505658,
        0.6344332098960876,
        0.7252944111824036,
        1.2937594311577933,
        0.661961019039154,
        0.6617519514901298,
        0.7350114754268101,
        0.7185693638665336,
        0.6325752479689462
    ],
    "val_acc": [
        0.40384615384615385,
        0.4423076923076923,
        0.5769230769230769,
        0.5865384615384616,
        0.47115384615384615,
        0.5769230769230769,
        0.5865384615384616,
        0.5096153846153846,
        0.6442307692307693,
        0.5769230769230769,
        0.6442307692307693,
        0.625,
        0.6346153846153846,
        0.5480769230769231,
        0.5576923076923077,
        0.6153846153846154,
        0.6153846153846154,
        0.40384615384615385,
        0.6346153846153846,
        0.5769230769230769,
        0.5480769230769231,
        0.6442307692307693,
        0.5,
        0.6057692307692307
    ],
    "val_acc_per_class": [
        {
            "0": 1.0,
            "1": 0.0
        },
        {
            "0": 0.9523809523809523,
            "1": 0.0967741935483871
        },
        {
            "0": 0.7619047619047619,
            "1": 0.45161290322580644
        },
        {
            "0": 0.6190476190476191,
            "1": 0.5645161290322581
        },
        {
            "0": 0.9523809523809523,
            "1": 0.14516129032258066
        },
        {
            "0": 0.47619047619047616,
            "1": 0.6451612903225806
        },
        {
            "0": 0.47619047619047616,
            "1": 0.6612903225806451
        },
        {
            "0": 0.9285714285714286,
            "1": 0.22580645161290322
        },
        {
            "0": 0.3333333333333333,
            "1": 0.8548387096774194
        },
        {
            "0": 0.7857142857142857,
            "1": 0.43548387096774194
        },
        {
            "0": 0.3333333333333333,
            "1": 0.8548387096774194
        },
        {
            "0": 0.35714285714285715,
            "1": 0.8064516129032258
        },
        {
            "0": 0.3333333333333333,
            "1": 0.8387096774193549
        },
        {
            "0": 0.7380952380952381,
            "1": 0.41935483870967744
        },
        {
            "0": 0.7142857142857143,
            "1": 0.45161290322580644
        },
        {
            "0": 0.42857142857142855,
            "1": 0.7419354838709677
        },
        {
            "0": 0.14285714285714285,
            "1": 0.9354838709677419
        },
        {
            "0": 1.0,
            "1": 0.0
        },
        {
            "0": 0.19047619047619047,
            "1": 0.9354838709677419
        },
        {
            "0": 0.7380952380952381,
            "1": 0.46774193548387094
        },
        {
            "0": 0.7380952380952381,
            "1": 0.41935483870967744
        },
        {
            "0": 0.2619047619047619,
            "1": 0.9032258064516129
        },
        {
            "0": 0.9761904761904762,
            "1": 0.1774193548387097
        },
        {
            "0": 0.47619047619047616,
            "1": 0.6935483870967742
        }
    ],
    "learning_rate": [
        0.001,
        0.0009991120277927223,
        0.000996451615591515,
        0.0009920292628279098,
        0.0009858624225078836,
        0.0009779754323328187,
        0.0009683994186497127,
        0.0009571721736097084,
        0.0009443380060197381,
        0.0009299475664759063,
        0.0009140576474687258,
        0.0008967309592491046,
        0.0008780358823396346,
        0.0008580461976679094,
        0.0008368407953869098,
        0.0008145033635316125,
        0.000791122057740548,
        0.0007667891533457714,
        0.0007416006812042822,
        0.0007156560487081047,
        0.0006890576474687259,
        0.0006619104492241841,
        0.0006343215915635758,
        0.0006063999551039367
    ]
}