{
    "train_loss": [
        0.6594882309436798,
        0.6449347223554339,
        0.6765658642564502,
        0.6697133609226772,
        0.641003702368055,
        0.662473452942712,
        0.6922890671661922,
        0.6592146371092115,
        0.6873715009008136,
        0.6593871797834124,
        0.6558250146252769,
        0.6589615898472923,
        0.6228326686791011,
        0.6392844659941537,
        0.63829163142613,
        0.6628818511962891,
        0.6685656522001538,
        0.6426243143422263,
        0.6426600515842438,
        0.6301533026354653,
        0.6547129494803292,
        0.6554068028926849,
        0.6327191804136548,
        0.6572525926998684,
        0.6011653797967094
    ],
    "train_acc": [
        0.6052414008549282,
        0.6636904776096344,
        0.6373181215354374,
        0.6007771151406425,
        0.6137566140719822,
        0.6527777782508305,
        0.6021825415747506,
        0.6216931215354374,
        0.6190476204667773,
        0.6035879637513842,
        0.5861441791057587,
        0.6143353176968438,
        0.6655092579977853,
        0.6137566140719822,
        0.6346726204667773,
        0.6296296289988926,
        0.6056547633239201,
        0.6448412707873753,
        0.6502976204667773,
        0.6419477505343301,
        0.6444279083183834,
        0.6249173283576965,
        0.6454199722834996,
        0.6137566140719822,
        0.6702215628964561
    ],
    "val_loss": [
        0.8453906327486038,
        0.7847485542297363,
        0.7719224840402603,
        0.7062481492757797,
        0.6906684786081314,
        0.7667353749275208,
        0.6510511934757233,
        0.6494928598403931,
        0.6759089678525925,
        0.6476362645626068,
        0.668447807431221,
        0.6770284175872803,
        0.7475015223026276,
        0.6990088075399399,
        0.7459558844566345,
        0.6725649535655975,
        0.6441065073013306,
        0.6996356248855591,
        0.7231142520904541,
        0.9351411759853363,
        0.716390535235405,
        0.6756128817796707,
        0.7107358574867249,
        0.756964847445488,
        0.7104247361421585
    ],
    "val_acc": [
        0.40384615384615385,
        0.40384615384615385,
        0.40384615384615385,
        0.4326923076923077,
        0.5288461538461539,
        0.5769230769230769,
        0.5480769230769231,
        0.5673076923076923,
        0.49038461538461536,
        0.5769230769230769,
        0.5,
        0.5192307692307693,
        0.5,
        0.46153846153846156,
        0.6057692307692307,
        0.5769230769230769,
        0.5865384615384616,
        0.5769230769230769,
        0.5288461538461539,
        0.5961538461538461,
        0.5384615384615384,
        0.5673076923076923,
        0.5673076923076923,
        0.47115384615384615,
        0.5480769230769231
    ],
    "val_acc_per_class": [
        {
            "0": 1.0,
            "1": 0.0
        },
        {
            "0": 1.0,
            "1": 0.0
        },
        {
            "0": 1.0,
            "1": 0.0
        },
        {
            "0": 0.9523809523809523,
            "1": 0.08064516129032258
        },
        {
            "0": 0.8809523809523809,
            "1": 0.2903225806451613
        },
        {
            "0": 0.6190476190476191,
            "1": 0.5483870967741935
        },
        {
            "0": 0.6190476190476191,
            "1": 0.5
        },
        {
            "0": 0.8095238095238095,
            "1": 0.4032258064516129
        },
        {
            "0": 0.8571428571428571,
            "1": 0.24193548387096775
        },
        {
            "0": 0.6904761904761905,
            "1": 0.5
        },
        {
            "0": 0.8809523809523809,
            "1": 0.24193548387096775
        },
        {
            "0": 0.8809523809523809,
            "1": 0.27419354838709675
        },
        {
            "0": 0.6904761904761905,
            "1": 0.3709677419354839
        },
        {
            "0": 0.8333333333333334,
            "1": 0.20967741935483872
        },
        {
            "0": 0.5476190476190477,
            "1": 0.6451612903225806
        },
        {
            "0": 0.7380952380952381,
            "1": 0.46774193548387094
        },
        {
            "0": 0.6904761904761905,
            "1": 0.5161290322580645
        },
        {
            "0": 0.7619047619047619,
            "1": 0.45161290322580644
        },
        {
            "0": 0.9047619047619048,
            "1": 0.27419354838709675
        },
        {
            "0": 0.42857142857142855,
            "1": 0.7096774193548387
        },
        {
            "0": 0.5476190476190477,
            "1": 0.532258064516129
        },
        {
            "0": 0.8333333333333334,
            "1": 0.3870967741935484
        },
        {
            "0": 0.7380952380952381,
            "1": 0.45161290322580644
        },
        {
            "0": 0.9047619047619048,
            "1": 0.1774193548387097
        },
        {
            "0": 0.6904761904761905,
            "1": 0.45161290322580644
        }
    ],
    "learning_rate": [
        0.0005,
        0.0004995560138963611,
        0.0004982258077957575,
        0.0004960146314139549,
        0.0004929312112539418,
        0.0004889877161664094,
        0.00048419970932485633,
        0.0004785860868048542,
        0.00047216900300986903,
        0.00046497378323795315,
        0.0004570288237343629,
        0.0004483654796245523,
        0.0004390179411698173,
        0.0004290230988339547,
        0.0004184203976934549,
        0.00040725168176580627,
        0.000395561028870274,
        0.0003833945766728857,
        0.0003708003406021411,
        0.00035782802435405233,
        0.0003445288237343629,
        0.0003309552246120921,
        0.0003171607957817879,
        0.00030319997755196834,
        0.0002891278668940954
    ]
}